Specie,Halotolerance classification
Halobacterium jilantaiense,Moderate 
Halobacterium noricense,Moderate 
Halococcus salifodinae,Moderate 
Halococcus saccharolyticus,Extreme
Haloarcula hispanica,Moderate 
Haloarcula marismortui,Extreme
Haloarcula sp. CBA1115,Moderate 
Halomicrobium mukohataei,Moderate 
Natronomonas pharaonis,Moderate 
Halobacterium salinarum,Moderate 
Halalkalicoccus jeotgali,Moderate 
Halorhabdus utahensis,Extreme
Haloarcula quadrata,Moderate 
Halosimplex carlsbadense,Extreme
Halococcus morrhuae (sarcina morrhuae),Extreme
Haloarcula argentinensis,Moderate 
Haloarcula japonica,Extreme
Haloarcula vallismortis,Extreme
Haloarcula amylolytica,Moderate 
Halobacterium cutirubrum,Moderate 
Haloquadratum walsbyi,Moderate 
Haloferax gibbonsii,Moderate 
Haloferax mediterranei,Moderate 
Haloferax volcanii,Moderate 
Halorubrum lacusprofundi,Moderate 
Halogeometricum borinquense,Extreme
Halobaculum gomorrense,Moderate 
Halorubrum sodomense,Moderate 
Halorubrum trapanicum,Moderate 
Halorubrum vacuolatum,Moderate 
Haloferax sulfurifontis,Extreme
Haloferax elongans,Extreme
Haloferax mucosum,Extreme
Halorubrum saccharovorum,Moderate 
Haloferax denitrificans,Moderate 
Halorubrum distributum,Moderate 
Halorubrum coriense,Moderate 
Methanocalculus halotolerans,Moderate 
Methanohalophilus halophilus,Moderate 
Methanohalophilus portucalensis,Extreme
Methanosarcina acetivorans,Moderate 
Methanosalsum zhilinae (Methanohalophilus zhilinae),Slight
Methanohalophilus mahii,Moderate 
Methanohalobium evestigatum,Extreme
Natronococcus amylolyticus,Moderate 
Haloterrigena turkmenica,Moderate 
Natrialba magadii,Moderate 
Natronobacterium gregoryi,Moderate 
Natronococcus occultus,Moderate 
Halovivax ruber,Moderate 
Halopiger xanaduensis,Extreme
Halococcus sediminicola,Extreme
Halalkalicoccus tibetensis,Moderate
Halalkalicoccus paucihalophilus,Extreme
Haladaptatus paucihalophilus,Moderate
Haladaptatus pallidirubidus,Moderate
Haladaptatus litoreus,Extreme
Haladaptatus cibarius,Extreme
Halanaeroarchaeum sulfurireducens,Extreme
Halapricum salinum,Extreme
Halarchaeum grantii,Extreme
Halarchaeum acidiphilum,Moderate
Halarchaeum nitratireducens,Extreme
Halarchaeum rubridurum,Extreme
Halarchaeum salinum,Extreme
Halarchaeum solikamskense,Extreme
Haloarchaeobius amylolyticus,Extreme
Haloarchaeobius baliensis,Moderate
Haloarchaeobius iranensis,Extreme
Haloarchaeobius litoreus,Extreme
Haloarchaeobius salinus,Extreme
Haloarcula salaria,Extreme
Haloarcula tradensis,Extreme
Halobaculum magnesiiphilum,Moderate
Halobellus clavatus,Moderate
Halorientalis regularis,Extreme
Halobellus inordinatus,Moderate
Halobellus limi,Extreme
Halobellus salinus,Extreme
Halobellus litoreus,Moderate
Halobellus ramosii,Moderate
Halobellus rarus,Moderate
Halobellus rufus,Extreme
Halobiforma haloterrestris,Extreme
Halobiforma lacisalsi,Extreme
Halobiforma nitratireducens,Extreme
Halocalculus aciditolerans,Extreme
Halococcus agarilyticus,Extreme
Halococcus dombrowskii,Moderate
Halococcus hamelinensis,Moderate
Halococcus qingdaonensis,Moderate
Halococcus thailandensis,Extreme
Haloferax alexandrinus,Extreme
Haloferax chudinovii,Extreme
Haloferax larsenii,Extreme
Haloferax lucentense,Extreme
Haloferax prahovense,Extreme
Halogeometricum limi,Extreme
Halogeometricum pallidum,Moderate
Halogeometricum rufum,Extreme
Halogranum amylolyticum,Extreme
Halogranum gelatinilyticum,Extreme
Halogranum rubrum,Extreme
Halogranum salarium,Extreme
Halohasta litorea,Moderate
Halohasta litchfieldiae,Moderate
Halolamina pelagica,Extreme
Halolamina rubra,Extreme
Halolamina salifodinae,Extreme
Halolamina salina,Extreme
Halolamina sediminis,Extreme
Halomarina oriensis,Moderate
Halomicroarcula limicola,Extreme
Halomicroarcula pellucida,Extreme
Halomicroarcula salina,Extreme
Halomicrobium katesii,Extreme
Halomicrobium zhouii,Extreme
Halonotius pteroides,Extreme
Haloparvum sedimenti,Moderate
Halopelagius inordinatus,Extreme
Halopelagius fulvigenes,Extreme
Halopelagius longus,Extreme
Halopenitus persicus,Moderate
Halopenitus salinus,Extreme
Halopiger aswanensis,Extreme
Halopiger salifodinae,Moderate
Haloplanus aerogenes,Extreme
Haloplanus litoreus ,Extreme
Haloplanus ruber,Extreme
Haloplanus natans,Extreme
Haloplanus salinus,Extreme
Haloplanus vescus,Extreme
Halorhabdus tiamatea,Extreme
Halorhabdus rudnickae,Extreme
Halorientalis brevis,Extreme
Halorubellus litoreus,Extreme
Halorubellus salinus,Extreme
Halorubrum aquaticum,Extreme
Halorubrum aidingense,Moderate
Halorubrum lipolyticum,Extreme
Halorubrum alkaliphilum,Extreme
Halorubrum arcis,Extreme
Halorubrum californiense,Extreme
Halorubrum chaoviator,Extreme
Halorubrum cibi,Extreme
Halorubrum ejinorense,Extreme
Halorubrum ezzemoulense ,Extreme
Halorubrum gandharaense,Extreme
Halorubrum halodurans,Extreme
Halorubrum halophilum,Extreme
Halorubrum kocurii,Extreme
Halorubrum laminariae,Extreme
Halorubrum litoreum,Extreme
Halorubrum luteum,Extreme
Halorubrum orientale,Extreme
Halorubrum persicum,Extreme
Halorubrum rubrum,Extreme
Halorubrum rutilum,Extreme
Halorubrum salinum,Extreme
Halorubrum tebenquichense,Extreme
Halorubrum terrestre,Extreme
Halorubrum tibetense,Moderate
Halorubrum yunnanense,Extreme
Halorubrum xinjiangense,Extreme
Halorussus amylolyticus,Extreme
Halorussus rarus,Extreme
Halorussus ruber,Extreme
Halosiccatus urmianus,Extreme
Halosimplex litoreum,Extreme
Halosimplex pelagicum,Extreme
Halosimplex rubrum,Extreme
Halostagnicola alkaliphila,Extreme
Halostagnicola bangensis,Extreme
Halostagnicola kamekurae,Extreme
Halostagnicola larsenii,Extreme
Halostella salina,Extreme
Haloterrigena daqingensis,Extreme
Haloterrigena hispanica,Extreme
Haloterrigena jeotgali,Extreme
Haloterrigena limicola,Extreme
Haloterrigena longa,Extreme
Haloterrigena saccharevitans,Moderate
Haloterrigena salina,Extreme
Haloterrigena thermotolerans,Extreme
Halovarius luteus,Extreme
Halovenus aranensis,Extreme
Halovenus rubra,Extreme
Halovenus salina,Extreme
Halovivax asiaticus,Extreme
Halovivax cerinus,Extreme
Halovivax limisalsi,Extreme
Natrialba aegyptiaca,Moderate
Natrialba hulunbeirensis,Extreme
Natrialba chahannaoensis,Extreme
Natrialba taiwanensis,Extreme
Natribaculum breve,Extreme
Natribaculum longum,Extreme
Natrinema altunense,Extreme
Natrinema ejinorense,Extreme
Natrinema gari,Extreme
Natrinema pallidum,Extreme
Natrinema pellirubrum,Extreme
Natrinema salaciae,Extreme
Natrinema versiforme,Extreme
Natronoarchaeum mannanilyticum,Extreme
Natronoarchaeum philippinense,Extreme
Natronoarchaeum rubrum,Extreme
Natronobacterium texcoconense,Extreme
Natronococcus jeotgali,Extreme
Natronococcus roseus,Extreme
Natronolimnobius baerhuensis,Extreme
Natronolimnobius innermongolicus,Extreme
Natronomonas gomsonensis,Extreme
Natronomonas moolapensis,Moderate
Natronorubrum aibiense,Moderate
Natronorubrum bangense,Moderate
Natronorubrum tibetense,Moderate
Natronorubrum sediminis,Moderate
Natronorubrum sulfidifaciens,Moderate
Natronorubrum texcoconense,Moderate
Salarchaeum japonicum,Extreme
Salinarchaeum laminariae,Extreme
Salinigranum rubrum,Extreme
Salinarubrum litoreum,Moderate
Haloferax namakaokahaiae,Extreme
Halorhabdus rudnickae,Extreme
Halobellus ramosii,Extreme
Halovarius luteus,Extreme
Halovivax limisalsi,Extreme
Methanohalophilus levihalophilus,Moderate
Halorientalis persicus,Extreme
Haloplanus salinus,Extreme
Halopenitus malekzadehii,Extreme
Natrialba asiatica,Extreme
Halobium palmae,Moderate
Halorubrum pallidum,Extreme
Halomethanococcus doii,Moderate
Haloprofundus marisrubri,Extreme
Haloterrigena mahii,Extreme
Halorubrum trueperi,Extreme
Natrinema soli,Extreme
Saliphagus infecundisoli,Extreme
Halorubrum salsamenti,Extreme
Haloplanus salinarum,Extreme
Halorubrum aethiopicum,Extreme
Natronolimnobius aegyptiacus,Extreme
Haloferax massiliensis,Moderate
Halorubrum depositum,Extreme
Haloplanus rallus,Extreme
Halococcus salsus,Extreme
Natronolimnobius aegyptiacus,Extreme
Nodularia Spumigena,Moderate 
Nesterenkonia sp HQ704868,Extreme
Marinobacter hydrocarbonoclasticus (Marinobacter aquaeolei),Moderate
Aphanothece halophytica (coccochloris elabens),Extreme
Halobacillus halophilus,Moderate 
Halobacillus locisalis,Moderate 
Halobacillus salinus,Moderate 
Halobacillus campisalis,Moderate 
Alteribacillus bidgolensis,Moderate 
Halobacillus aidingensis,Moderate 
Halobacillus yeomjeoni,Moderate 
Thalassobacillus cyri,Moderate 
Halobacillus naozhouensis,Moderate 
Halobacillus seohaensis,Moderate 
Halobacillus salsuginis,Moderate 
Halobacillus sp HQ704870,Moderate 
Halobacillus sp HQ834853,Moderate 
Alteribacillus persepolensis,Moderate 
Halobacillus sp HQ426913,Extreme
Halobacillus sp HQ834847,Extreme
Pontibacillus halophilus,Moderate
Virgibacillus sp HQ426915,Extreme
Virgibacillus sp HQ834848,Extreme
Halobacillus alkaliphilus,Moderate 
Sediminibacillus halophilus,Moderate 
Halobacillus dabanensis,Extreme
Halobacillus trueperi,Extreme
Oceanobacillus iheyensis,Moderate 
Nitrosococcus halophilus,Moderate 
Lamprobacter modestohalophilus,Moderate 
Desulfobacter halotolerans,Moderate 
Desulfohalobium retbaense,Extreme
Desulfovibrio halophilus,Moderate 
Desulfovibrio gabonensis,Moderate 
Desulfovibrio oxyclinae,Moderate 
Spiribacter salinus,Extreme
Ectothiorhodospira abdelmalekii,Moderate 
Ectothiorhodospira haloalkaliphila,Moderate 
Ectothiorhodospira halochloris,Extreme
Halorhodospira halophila (Ectothiorhodospira halophila),Extreme
Ectothiorhodospira mobilis,Moderate 
Chlorogloea fritschii,Moderate 
Halothermothrix orenii,Moderate 
Halanaerobium praevalens,Moderate
Halanaerobium hydrogeniformans,Moderate 
Halanaerobium sehlinense,Extreme
Halarsenatibacter silvermanii,Moderate 
Haloanaerobium alcaliphilum,Moderate 
Acetohalobium arabaticum,Extreme
Halonatronum saccharophilum,Moderate 
Halobacteroides halobius,Moderate 
Selenihalanaerobacter shriftii,Extreme
Natroniella acetigena,Extreme
Halanaerobaculum tunisiense,Extreme
Orenia salinaria,Extreme
Orenia sivashensis,Extreme
Sporohalobacter (Clostridium) lortetii,Moderate 
Halanaerocella petrolearia,Extreme
Halanaerobacter jeridensis,Extreme
Chromohalobacter beijerinckii,Extreme
Halomonas halodenitrificans,Moderate 
Halomonas elongata,Extreme
Halomonas subterranea,Moderate 
Halomonas arcis,Moderate 
Halomonas saccharevitans,Moderate 
Halomonas ventosae,Moderate 
Halomonas halophila (Deleya halophila),Extreme
Halomonas meridiana,Moderate 
Chromohalobacter salexigens,Moderate 
Halomonas titanicae,Moderate 
Chromohalobacter japonicus,Moderate
Halothiobacillus halophilus,Moderate 
Halomicronema excentricum,Moderate 
Leibleinia epiphytica,Extreme
Aphanocapsa salina,Moderate 
Microcoleus chthonoplastes,Moderate 
Natranaerobius thermophilus,Extreme
Nocardiopsis halotolerans,Moderate 
Lyngbya martensiana,Moderate 
Phormidium frigidum,Moderate 
Phormidium hypersalinum,Moderate 
Phormidium hypolimneticum,Moderate 
Cellulosimicrobium cellulans,Moderate 
Saccharomonospora halophila,Moderate
Salinibacter ruber,Extreme
Salisaeta longa,Moderate 
Schizothrix arenaria,Extreme
Halospirulina tapeticola,Moderate 
Spirulina subsalsa,Moderate 
Salinicoccus sp HQ704873,Moderate 
Salinicoccus sp HQ704871,Extreme
Staphylococcus sp HQ426917,Extreme
Streptomyces radiopugnans,Moderate 
Salinivibrio costicola (Vibrio costicola),Moderate 
Halocella cellulosilytica,Moderate
Halanaerobium salsuginis,Moderate
Haloanaerobium fermentans,Moderate
Haloanaerobium lacusroseus,Extreme
Halanaerobium acetethylicum,Extreme
Haloanaerobium kushneri,Moderate
Halanaerobium congolense,Moderate
Halanaerobium saccharolyticum,Extreme
Natroniella sulfidigena,Moderate
Orenia marismortui,Moderate
Haloanaerobacter chitinovorans,Moderate
Haloanaerobacter salinarius,Extreme
Halanaerobacter lacunarum,Extreme
Tamilnaduibacter salinus,Moderate
Psychroflexus salarius,Moderate
Neptuniibacter halophilus,Slight
Mongoliicoccus alkaliphilus,Slight
Litoribacter alkaliphilus,Slight
Halomonas garicola,Moderate
Oceanobacillus picturae,Moderate
Piscibacillus salipiscarius,Moderate
Microbulbifer rhizosphaerae,Moderate
Zhihengliuella somnathii,Moderate
Gynuella sunshinyii,Moderate
Actinotalea suaedae,Slight
Labrenzia suaedae,Moderate
Martelella endophytica,Moderate
Modestobacter roseus,Moderate
Hoeflea suaedae,Moderate
Kineococcus endophytica,Slight
Pseudonocardia nantongensis,Moderate
Gracilibacillus kimchii,Extreme
Lentibacillus kimchii,Extreme
Bacillus pseudoflexus,Moderate
Halobacillus salicampi,Moderate
Oceanobacillus jeddahense,Moderate
Halomonas urumqiensis,Moderate
Oceanobacillus halophilus,Moderate
Egicoccus halophilus,Moderate
Lentibacillus amyloliquefaciens,Extreme
Egibacter rhizosphaerae,Extreme
Streptomonospora tuzyakensis,Moderate
Halopeptonella vilamensis,Extreme
Halobacillus sediminis,Moderate
Idiomarina aquatica,Moderate
Spiribacter curvatus,Moderate
Spirochaeta sinaica,Moderate
Paraglycomyces xinjiangensis,Moderate
Salininema proteolyticum,Moderate
Amycolatopsis flava,Extreme
Marinobacter halophilus,Moderate
Oceanobacillus arenosus,Moderate
Halomonas heilongjiangensis,Moderate
Bounagaea algeriensis,Extreme
Marinobacter nitratireducens,Moderate
Longimonas halophila,Extreme
Halobacillus andaensis,Moderate
Bacillus rigiliprofundi,Moderate
Prauserella isguenensis,Extreme
Melghiribacillus thermohalophilus,Moderate
Idiomarina halophila,Moderate
Aquisalimonas lutea,Moderate
Kushneria pakistanensis,Extreme
Planococcus dechangensis,Moderate
Marinobacter shengliensis,Moderate
Marinobacter piscensis,Moderate
Fodinicurvata halophila,Moderate
Actinopolyspora biskrensis,Extreme
Pontibacillus salicampi,Moderate
Sporohalobacter salinus,Extreme
Salinithrix halophila,Moderate
Celeribacter indicus,Moderate
Seohaeicola nanhaiensis,Moderate
Aquibacillus halophilus,Moderate
Mzabimyces algeriensis,Extreme
Saccharopolyspora halotolerans,Moderate
Pseudomonas salegens,Moderate
Glycocaulis albus,Slight
Bacillus oryzaecorticis,Moderate
Streptomonospora algeriensis,Moderate
Aquisalimonas halophila,Moderate
Bacillus daqingensis,Moderate
Aliicoccus persicus,Moderate
Alkalibacillus almallahensis,Extreme
Halomonas songnenensis,Moderate
Oceanobacillus aidingensis,Moderate
Oceanobacillus halophilum,Moderate
Oceanobacillus limi,Moderate
Aliidiomarina shirensis,Moderate
Salinifilum ghardaiensis,Extreme
Halomonas huangheensis,Moderate
Cyclobacterium halophilum,Moderate
Bacillus shacheensis,Moderate
Salinibacillus xinjiangensis,Moderate
Halomonas olivaria,Extreme
Gracilimonas mengyeensis,Moderate
Halomonas zhaodongensis,Moderate
Actinopolyspora dayingensis,Moderate
Bacillus oceani,Moderate
Marinobacter persicus,Moderate
Fabibacter pacificus,Moderate
Actinopolyspora mzabensis,Extreme
Marinococcus tarijensis,Moderate
Bacillus salsus,Moderate
Actinopolyspora righensis,Extreme
Streptomyces chilikensis,Moderate
Bacillus halosaccharovorans,Extreme
Aliifodinibius roseus,Moderate
Aliifodinibius sediminis,Moderate
Actinopolyspora lacussalsi,Moderate
Salinisphaera japonica,Extreme
Halomonas nanhaiensis,Moderate
Virgibacillus natechei,Moderate
Limimonas halophila,Extreme
Actinopolyspora saharensis,Extreme
Ornithinibacillus halophilus,Moderate
Corallomonas stylophorae,Extreme
Salinicola zeshunii,Moderate
Halomonas smyrnensis,Extreme
Saliterribacillus persicus,Extreme
Halomonas ramblicola,Extreme
Virgibacillus albus,Moderate
Pseudonocardia nantongensis,Moderate
Oceanicella actignis,Moderate
Arhodomonas recens,Extreme
Amphibacillus cookii,Extreme
Salisediminibacterium halotolerans,Extreme
Salinisphaera halophila,Extreme
Desulfohalophilus alkaliarsenatis,Extreme
Actinopolyspora algeriensis,Extreme
Gracilibacillus bigeumensis,Extreme
Roseivivax sediminis,Moderate
Rhizobium halophytocola,Slight
Gracilibacillus kekensis,Moderate
Desulfonatronovibrio halophilus,Moderate
Alteribacillus iranensis,Moderate
Salinactinospora qingdaonensis,Moderate
Natribacillus halophilus,Moderate
Fodinibius salinus,Moderate
Alkalibacillus weihaiensis,Moderate
Alkalibacillus huanghaiensis,Moderate
Tetragenococcus osmophilus,Moderate
Tetragenococcus halophilus,Moderate
Halomonas xianhensis,Moderate
Celeribacter halophilus,Moderate
Bacillus hemicentroti,Moderate
Alkalibacterium subtropicum,Moderate
Marinobacter daqiaonensis,Moderate
Halomonas rifensis,Moderate
Halomonas stenophila,Moderate
Halomonas qijiaojingensis,Moderate
Halomonas flava,Moderate
Salimicrobium salexigens,Moderate
Bacillus xiaoxiensis,Slight
Marinobacter oulmenensis,Moderate
Bacillus alkalisediminis,Moderate
Halomonas daqiaonensis,Moderate
Actinopolyspora alba,Moderate
Actinopolyspora erythraea,Moderate
Jeotgalicoccus halophilus,Slight
Streptohalobacillus salinus,Moderate
Thalassobacillus pellis,Moderate
Saccharopolyspora lacisalsi,Moderate
Kangiella spongicola,Moderate
Bacillus hunanensis,Slight
Halomonas aidingensis,Moderate
Halomonas alkalitolerans,Moderate
Actinopolyspora egyptensis,Moderate
Sporosalibacterium faouarense,Slight
Haloactinopolyspora alba,Moderate
Virgibacillus subterraneus,Moderate
Hwanghaeicola aestuarii,Slight
Alkaliphilus halophilus,Moderate
Terribacillus aidingensis,Moderate
Actinopolyspora lacussalsi,Moderate
Marinimicrobium haloxylanilyticum,Moderate
Salinicoccus kekensis,Moderate
Salinimicrobium marinum,Slight
Virgibacillus siamensis,Moderate
Haloactinobacterium album,Moderate
Haloechinothrix alba,Moderate
Aestuariibacter aggregatus,Moderate
Kushneria sinocarnis,Moderate
Zhihengliuella salsuginis,Moderate
Nocardiopsis terrae,Slight
Georgenia halophila,Moderate
Salsuginibacillus halophilus,Moderate
Bacillus chungangensis,Moderate
Lentibacillus persicus,Moderate
Bacillus halochares,Moderate
Oceanobacillus manasiensis,Moderate
Halomonas jeotgali,Moderate
Lentibacillus jeotgali,Moderate
Desulfosalsimonas propionicica,Moderate
Amycolatopsis halophila,Moderate
Halomonas andesensis,Slight
Geomicrobium halophilum,Moderate
Psychroflexus lacisalsi,Moderate
Cobetia crustatorum,Extreme
Salinicoccus carnicancri,Moderate
Thiohalobacter thiocyanaticus,Slight
Virgibacillus salinus,Moderate
Aidingimonas halophila,Moderate
Piscibacillus halophilus,Moderate
Halobacillus hunanensis,Moderate
Nocardiopsis litoralis,Moderate
Halomonas zhanjiangensis,Moderate
Alteromonas halophila,Moderate
Virgibacillus litoralis,Moderate
Streptomonospora amylolytica,Moderate
Streptomonospora flavalba,Moderate
Saccharopolyspora qijiaojingensis ,Moderate
Virgibacillus arcticus,Moderate
Paracoccus saliphilus ,Moderate
Natranaerobius trueperi,Extreme
Natronovirga wadinatrunensis,Extreme
Virgibacillus sediminis,Moderate
Gracilibacillus saliphilus ,Moderate
Sediminibacillus albus,Moderate
Marinobacter lacisalsi,Moderate
Halomonas fontilapidosi,Moderate
Haloglycomyces albus,Moderate
Ectothiorhodospira variabilis,Moderate
Salinicoccus albus,Moderate
Saccharopolyspora halophila,Moderate
Halomonas ilicicola,Moderate
Bacillus aidingensis,Moderate
Halomonas salifodinae,Slight
Halomonas daqingensis,Moderate
Marinobacter mobilis,Moderate
Thiohalorhabdus denitrificans,Moderate
Halomonas sediminis,Slight
Halomonas korlensis,Moderate
Gracilibacillus lacisalsi,Moderate
Gracilibacillus halophilus,Moderate
Virgibacillus salarius,Moderate
Microbulbifer halophilus,Moderate
Halomonas lutea,Moderate
Haloactinospora alba,Moderate
Halolactibacillus alkaliphilus,Slight
Lentibacillus salis ,Moderate
Aquisalibacillus elongatus,Moderate
Salinicoccus halodurans,Moderate
Streptomonospora halophila,Moderate
Thiohalospira halophila,Moderate
Thiohalospira alkaliphila,Moderate
Nesterenkonia halophila,Moderate
Thioalkalibacter halophilus,Moderate
Salinivibrio proteolyticus,Moderate
Halomonas caseinilytica,Moderate
Marinobacter guineae,Moderate
Halomonas cerina,Moderate
Bacillus aurantiacus,Moderate
Bacillus coahuilensis,Moderate
Salinicoccus salitudinis,Moderate
Saccharomonospora saliphila,Moderate
Spongiibacter marinus,Slight
Marinobacter pelagius,Moderate
Virgibacillus kekensis,Moderate
Virgibacillus chiguensis,Moderate
Salinimicrobium xinjiangense,Slight
Salinimicrobium catena,Slight
Halomonas sabkhae,Moderate
Clostridiisalibacter paucivorans,Moderate
Bacillus polygoni,Moderate
Halobacillus mangrovi,Moderate
Salinicoccus iranensis,Moderate
Bacillus isabeliae,Moderate
Halomonas sinaiensis,Moderate
Chromohalobacter nigrandesensis ,Moderate
Halomonas kribbensis,Moderate
Modicisalibacter tunisiensis,Moderate
Salinicoccus kunmingensis,Moderate
Salsuginibacillus kocurii,Moderate
Salimicrobium luteum,Moderate
Salimicrobium album,Moderate
Salimicrobium halophilum,Moderate
Marinobacter segnicrescens,Moderate
Bacillus chagannorensis,Moderate
Desulfovibrio marinus,Slight
Marinobacterium halophilum,Moderate
Thiohalomonas denitrificans,Moderate
Thiohalomonas nitratireducens,Moderate
Virgibacillus halophilus,Moderate
Thiohalophilus thiocyanoxidans,Moderate
Halomonas shengliensis,Moderate
Salinicola halophilus,Moderate
Halobacillus profundi,Moderate
Halobacillus kuroshimensis,Moderate
Salinicola socius,Moderate
Alkalibacillus halophilus,Moderate
Halalkalibacillus halophilus,Moderate
Aquisalimonas asiatica,Moderate
Halomonas gomseomensis,Moderate
Halomonas janggokensis,Moderate
Halomonas denitrificans,Moderate
Salinicola salarius,Moderate
Alkalibacillus silvisoli,Moderate
Lentibacillus halodurans,Moderate
Kushneria indalinina,Moderate
Petrotoga halophila,Moderate
Terribacillus saccharophilus,Moderate
Halomonas alkaliantarctica,Moderate
Salinicoccus salsiraiae,Slight
Bacillus taeanensis,Slight
Halobacillus blutaparonensis,Slight
Marinobacter vinifirmus ,Moderate
Salicola salis,Moderate
Thiomicrospira halophila,Moderate
Desulfohalobium utahense,Moderate
Lentibacillus halophilus,Extreme
Salicola marasensis,Moderate
Nesterenkonia aethiopica,Slight
Photobacterium ganghwense,Slight
Oceanisphaera donghaensis,Moderate
Halovibrio denitrificans,Moderate
Halospina denitrificans,Moderate
Gracilibacillus orientalis,Moderate
Desulfovermiculus halophilus,Moderate
Bacillus salarius,Moderate
Alteromonas hispanica,Moderate
Halolactibacillus halophilus,Slight
Halolactibacillus miurensis,Slight
Palleronia marisminoris,Moderate
Thalassobacillus devorans,Moderate
Methylohalobius crimeensis,Moderate
Alkalibacillus haloalkaliphilus,Moderate
Alkalibacillus salilacus,Moderate
Halomonas almeriensis,Moderate
Halomonas taeanensis,Moderate
Desulfovibrio brasiliensis,Moderate
Pontibacillus marinus,Moderate
Arcobacter halophilus,Slight
Bacillus oshimensis,Moderate
Salinibacillus aidingensis,Moderate
Salinibacillus kushneri,Moderate
Tenuibacillus multivorans,Moderate
Pontibacillus chungwhensis,Slight
Salinimonas chungwhensis,Moderate
Gramella echinicola,Moderate
Chromohalobacter sarecensis,Moderate
Halomonas koreensis,Moderate
Shewanella marisflavi,Slight
Desulfovibrio bastinii,Moderate
Desulfovibrio gracilis,Moderate
Paracoccus haeundaensis,Moderate
Halomonas organivorans,Moderate
Salipiger mucosus,Moderate
Algoriphagus aquimarinus,Moderate
Algoriphagus chordae,Moderate
Algoriphagus winogradskyi,Moderate
Algoriphagus halophilus,Moderate
Marinobacter flavimaris,Moderate
Marinobacter daepoensis,Moderate
Nocardiopsis salina,Moderate
Thialkalivibrio halophilus,Moderate
Alteromonas litorea,Slight
Jeotgalibacillus campisalis,Slight
Halomonas boliviensis,Moderate
Psychroflexus tropicus,Moderate
Shewanella gaetbuli,Slight
Aestuariibacter salexigens,Moderate
Aestuariibacter halophilus,Slight
Halomonas neptunia,Slight
Halomonas sulfidaeris,Slight
Halomonas axialensis,Slight
Halomonas hydrothermalis,Moderate
Marinospirillum insulare,Slight
Idiomarina loihiensis,Moderate
Oceanisphaera litoralis,Slight
Marinobacter lipolyticus,Moderate
Streptomonospora alba,Moderate
Prauserella halophila,Moderate
Prauserella alba,Moderate
Saccharomonospora paurometabolica,Moderate
Paramaledivibacter caminithermalis,Slight
Methylophaga natronica,Slight
Halobacillus karajensis,Moderate
Erythrobacter flavus,Moderate
Bacillus aeolius,Slight
Marinilactibacillus psychrotolerans,Slight
Marinobacter litoralis,Moderate
Salinisphaera shabanensis,Moderate
Microbulbifer salipaludis,Slight
Methylophaga alcalica,Slight
Nocardiopsis xinjiangensis,Moderate
Lentibacillus salicampi,Moderate
Paraliobacillus ryukyuensis,Slight
Psychromonas marina,Moderate
Psychrobacter submarinus,Moderate
Psychrobacter marincola,Moderate
Halomicronema excentricum,Moderate
Salinicoccus alkaliphilus,Moderate
Haliangium ochraceum,Slight
Haliangium tepidum,Slight
Enterovibrio calviensis,Slight
Alkalilimnicola halodurans,Moderate
Halomonas maura,Moderate
Kushneria marisflavi,Moderate
Filobacillus milosensis,Moderate
Methylarcula marina,Moderate
Nocardiopsis kunsanensis,Moderate
Haloanaerobium fermentans,Moderate
Thermohalobacter berrensis,Moderate
Halomonas sediminicola,Moderate
Pontibacillus salipaludis,Slight
Aliifodinibius halophilus,Moderate
Oceanobacillus longus,Moderate
Larsenimonas suaedae,Moderate
Methylarcula terricola,Moderate
Alcanivorax jadensis,Slight
Virgibacillus marismortui,Moderate
Desulfocella halophila,Moderate
Desulfotomaculum halophilum ,Moderate
Psychromonas antarctica,Slight
Tetragenococcus muriaticus ,Moderate
Virgibacillus salexigens,Moderate
Dethiosulfovibrio peptidovorans,Slight
Methylophaga limanica,Moderate
Ruegeria lacuscaerulensis,Slight
Halochromatium glycolicum,Moderate
Desulfovibrio vietnamensis,Moderate
Halobacillus litoralis,Moderate
Actinopolyspora iraqiensis,Moderate
Nocardiopsis halophila,Moderate
Arhodomonas aquaeolei,Moderate
Halomonas salina,Moderate
Thiohalocapsa halophila,Moderate
Actinopolyspora mortivallis,Moderate
Halomonas eurihalina,Moderate
Salinicoccus roseus,Moderate
Virgibacillus halodenitrificans,Moderate
Halomonas variabilis,Moderate
Pseudomonas halophila (Halomonas utahensis),Slight
Halochromatium salexigens,Moderate
Rhodothermus marinus,Slight
Rhodovibrio salinarum,Moderate
Marinococcus halophilus,Moderate
Actinopolyspora halophila,Moderate
Marinococcus salis,Moderate
Marinococcus halotolerans,Moderate
Actinopolyspora salinaria,Moderate
Paludifilum halophilum,Moderate
Lentibacillus populi,Moderate
Labrenzia salina,Moderate
Halomonas lutescens,Moderate
Balneicella halophila,Moderate
Wukongibacter Baidiensis,Slight
Virgibacillus ainsalahensis,Moderate
Photobacterium halotolerans,Moderate
Marinobacter salinus,Moderate
Marinobacter halotolerans,Slight
Salicola mahdashtensis,Extreme
Altererythrobacter salegens,Slight
Rhodohalobacter halophilus,Moderate
Sporosalibacterium tautonense,Moderate
Salipaludibacillus agaradhaerens,Moderate
Bacillus clarkii,Moderate
Alkalicoccus saliphilus,Moderate
Alkalicoccus halolimnae,Moderate
Salibacter halophilus,Moderate
Salinicola tamaricis,Slight
Aliifodinibius salicampi,Moderate
Marinobacter aquaticus,Moderate
Nesterenkonia pannonica,Moderate
Salinifilum aidingensis,Moderate
Salinifilum proteinilyticum,Extreme
Gracilibacillus aidingensis,Moderate
Halomonas aestuarii,Moderate
Ponticoccus marisrubri,Moderate
Gracilimonas halophila,Moderate
Bacillus kiskunsagensis,Moderate
Prauserella oleivorans,Slight
Virgibacillus kimchii,Moderate
Gracilibacillus eburneus,Extreme
Salibacterium lacus,Extreme
Pseudogracilibacillus endophyticus,Slight
Planococcus salinus,Moderate
Aidingibacillus halophilus,Moderate
Palleronia abyssalis,Moderate
Halomonas anticariensis,Moderate
Idiomarina fontislapidosi,Moderate
Alteromonas hispanica,Moderate
Salinivenus iranica,Extreme
Salinivenus lutea,Extreme
Marinobacter gelidimuriae,Moderate
Desulfovibrio salinus,Moderate
Ornithinibacillus salinisoli,Moderate
Halomonas saliphila,Moderate
Virgibacillus phasianinus,Moderate
Salinivirga fredricksonii,Moderate
Roseovarius ramblicola,Moderate
Virgibacillus indicus,Moderate
Virgibacillus profundi,Moderate
Saliniramus fredricksonii,Moderate
Halomonas tabrizica,Extreme
Sediminibacillus massiliensis,Moderate
Salinivibrio sharmensis,Moderate
Salinivibrio kushneri,Moderate
Kushneria phyllosphaerae,Extreme
Kushneria endophytica,Extreme
Halomonas beimenensis,Moderate
Roseovarius tibetensis,Moderate
Marinobacter bohaiensis,Moderate
Salicibibacter kimchii,Extreme
Halomonas litopenaei,Extreme
Microbacterium halophytorum,Moderate